Student,Muster,s00000@test-only.de,20-041-61
Jaclin,Rein,s93125@test-only.de,20-041-61
Betteanne,Dayes,s22642@test-only.de,20-042-61
Guglielmo,Siddens,s01700@test-only.de,20-041-61
Geoff,Kryszka,s81123@test-only.de,20-048-61
Constantina,Tabourin,s71988@test-only.de,20-042-61
Ralf,Coultish,s75708@test-only.de,20-041-61
Loraine,Ricks,s41577@test-only.de,20-041-61
Wildon,McGeady,s80792@test-only.de,20-041-61
Wynny,Doogue,s24020@test-only.de,20-048-61
Orin,Mantha,s47326@test-only.de,20-041-61
Husein,Relton,s37505@test-only.de,20-048-61
Idaline,Gaine of England,s56552@test-only.de,20-041-61
Raine,Dumper,s89188@test-only.de,20-048-61
Hubert,Perrelle,s49114@test-only.de,20-041-61
Cathyleen,Elliot,s72974@test-only.de,20-041-61
Callida,Covendon,s38698@test-only.de,20-048-61
Rochester,Caldow,s15401@test-only.de,20-048-61
Daryl,Covet,s33184@test-only.de,20-048-61
Maison,Scrannage,s91278@test-only.de,20-041-61
Dionne,Barrabeale,s74859@test-only.de,20-041-61
Aila,Laise,s57519@test-only.de,20-042-61
Carri,Fossitt,s04941@test-only.de,20-042-61
Emlen,Epdell,s01088@test-only.de,20-042-61
Hollis,Wycliff,s37606@test-only.de,20-042-61
Lilli,Bilton,s99253@test-only.de,20-048-61
Parnell,Parsand,s28654@test-only.de,20-042-61
Clayborn,Mallinar,s12315@test-only.de,20-042-61
Jobi,Saladino,s06058@test-only.de,20-041-61
Gus,Gillyatt,s27046@test-only.de,20-041-61
Laney,Siviter,s56386@test-only.de,20-042-61
Shelden,Meharry,s41660@test-only.de,20-048-61
Piper,Geere,s49628@test-only.de,20-048-61
Angie,Sherrott,s33296@test-only.de,20-041-61
Alfreda,Wyre,s50423@test-only.de,20-041-61
Kenneth,Breede,s40991@test-only.de,20-041-61
Marna,MacAvaddy,s20350@test-only.de,20-041-61
Duffy,Machel,s62224@test-only.de,20-041-61
Frederich,Gainsford,s00797@test-only.de,20-048-61
Nathalie,Woodage,s80194@test-only.de,20-048-61
Electra,Atkyns,s44665@test-only.de,20-041-61
Vincent,Hainning,s47055@test-only.de,20-041-61
Christiane,Oxborrow,s80736@test-only.de,20-048-61
Denis,Bartolommeo,s73188@test-only.de,20-042-61
Thibaut,Twinterman,s88575@test-only.de,20-041-61
Paolina,Michelmore,s83176@test-only.de,20-041-61
Vicky,Ambage,s89908@test-only.de,20-048-61
Rivkah,Mathelin,s93955@test-only.de,20-048-61
Dita,Leacock,s10622@test-only.de,20-041-61
Luci,MacNeely,s28592@test-only.de,20-042-61
Carlo,Eddis,s67818@test-only.de,20-041-61
Gerhard,Matussevich,s33763@test-only.de,20-048-61
Stafani,McNeilly,s62369@test-only.de,20-048-61
Dionisio,Beazey,s87417@test-only.de,20-048-61
Jose,MacElane,s70095@test-only.de,20-041-61
Barnard,Luckhurst,s15853@test-only.de,20-042-61
Celestyna,Biggin,s51306@test-only.de,20-048-61
Torin,Knappett,s25350@test-only.de,20-042-61
Christiane,Bourgour,s22227@test-only.de,20-041-61
Crysta,Nice,s59578@test-only.de,20-042-61
Karoly,Dunge,s78387@test-only.de,20-042-61
Buddy,Charman,s98946@test-only.de,20-041-61
Shelba,Landsbury,s45073@test-only.de,20-041-61
Doroteya,Laughrey,s37037@test-only.de,20-042-61
Arlena,Khomishin,s63391@test-only.de,20-042-61
Jessee,Benedite,s12809@test-only.de,20-042-61
Ruthe,Wyeth,s70793@test-only.de,20-042-61
Inigo,Barnewille,s18873@test-only.de,20-041-61
Rosana,Petrecz,s42563@test-only.de,20-042-61
Zelma,Dorton,s75314@test-only.de,20-041-61
Rorke,Dowson,s85057@test-only.de,20-048-61
Daron,MacCarlich,s19019@test-only.de,20-048-61
Shelba,Boulds,s03259@test-only.de,20-041-61
Nevsa,Poulston,s84628@test-only.de,20-048-61
Hermann,Ludwikiewicz,s21276@test-only.de,20-042-61
Hanson,Spragge,s06788@test-only.de,20-048-61
Roderich,Lobell,s60384@test-only.de,20-048-61
Jeannette,Woollaston,s44717@test-only.de,20-042-61
Glen,Middas,s02164@test-only.de,20-041-61
Wait,Strevens,s52423@test-only.de,20-042-61
Pauletta,Hulkes,s13601@test-only.de,20-041-61
Akim,Winder,s12617@test-only.de,20-072-61
Sharia,Haxby,s66409@test-only.de,20-072-61
Dagmar,Torr,s73198@test-only.de,20-072-61
Claudette,Hacaud,s64239@test-only.de,20-072-61
Virgina,McNeigh,s14878@test-only.de,20-072-61
Krissie,Cottis,s10813@test-only.de,20-072-61
Hasty,Collinson,s76470@test-only.de,20-072-61
Amie,Itscowicz,s21639@test-only.de,20-072-61
Brandyn,Schapero,s44786@test-only.de,20-072-61
Laurette,Gimenez,s33195@test-only.de,20-072-61
